[{"name":"Janaria","fileName":"janaria.png","element":[{"name":"Barazkiak","fileName":"barazkiak.png","minLevel":1,"mainColor":"red","options":[{"name":"Piperra","valid":"false","fileName":"piperra.png"},{"name":"Kuiatxo","valid":"false","fileName":"kuiatxo.png"},{"name":"Leka","valid":"false","fileName":"leka.png"},{"name":"Azak","valid":"false","fileName":"azak.png"},{"name":"Tipula","valid":"false","fileName":"tipula.png"}]},{"name":"Egoskaleak","fileName":"egoskaleak.png","minLevel":2,"mainColor":"red","options":[{"name":"Babarrunak","valid":"false","fileName":"babarrunak-00.png"},{"name":"Txitxirioak","valid":"false","fileName":"txitxirioak.png"},{"name":"Dilistak","valid":"false","fileName":"dilistak.png"},{"name":"Ilarrak","valid":"false","fileName":"ilarrak.png"},{"name":"Leka","valid":"false","fileName":"leka-00.png"}]},{"name":"Fruituak","fileName":"fruituak.png","minLevel":0,"mainColor":"red","options":[{"name":"Tomate","valid":"false","fileName":"tomate.png"},{"name":"Laranja","valid":"false","fileName":"laranja.png"},{"name":"Limoia","valid":"false","fileName":"limoia.png"},{"name":"Sagarra","valid":"false","fileName":"sagarra.png"},{"name":"Banana","valid":"false","fileName":"banana.png"}]}]},{"name":"Etxeko gauzak","fileName":"etxeko-gauzak.png","element":[{"name":"Sukalde","fileName":"sukalde.png","minLevel":1,"mainColor":"red","options":[{"name":"Sartagin","valid":"false","fileName":"sartagin.png"},{"name":"Koilara","valid":"false","fileName":"koilara.png"},{"name":"Sardexka","valid":"false","fileName":"sardexka.png"},{"name":"Kazola","valid":"false","fileName":"kazola.png"},{"name":"Ezpainzapi","valid":"false","fileName":"ezpainzapi.png"}]},{"name":"Egongela","fileName":"egongela.png","minLevel":0,"mainColor":"red","options":[{"name":"Sofa","valid":"false","fileName":"sofa.png"},{"name":"Telebista","valid":"false","fileName":"telebista.png"},{"name":"PItxerra","valid":"false","fileName":"pitxerra.png"},{"name":"Besaulki","valid":"false","fileName":"besaulki.png"},{"name":"Urrutiko-aginte","valid":"false","fileName":"urrutiko-aginte.png"}]}]},{"name":"Eguneroko gauzak","fileName":"eguneroko-gauzak.png","element":[{"name":"Koloreak","fileName":"koloreak.png","minLevel":0,"mainColor":"red","options":[{"name":"Zuria","valid":"false","fileName":"zuria.png"},{"name":"Berdea","valid":"false","fileName":"berdea.png"},{"name":"Gorria","valid":"false","fileName":"gorria.png"},{"name":"Laranja","valid":"false","fileName":"laranja-00.png"},{"name":"Beltza","valid":"false","fileName":"beltza.png"}]},{"name":"Zenbakiak","fileName":"zenbakiak.png","minLevel":2,"mainColor":"red","options":[{"name":"Ehun","valid":"false","fileName":"ehun.png"},{"name":"Lau mila zazpiehun eta laurogeita bost","valid":"false","fileName":"laurogeita-hamasei-mila-ehun-eta-hogeita-zazpi.png"},{"name":"Berrogeita hamasei mila ehun eta hogeita hamazazpi","valid":"false","fileName":"berrogeita-hamasei-mila-ehun-eta-hogeita-hamazazpi.png"},{"name":"Mila zortziehun laurogeita hamabost","valid":"false","fileName":"mila-zortziehun-laurogeita-hamabost.png"},{"name":"Mila hogeita bat","valid":"false","fileName":"mila-hogeita-bat.png"}]},{"name":"Arropa","fileName":"arropa.png","minLevel":1,"mainColor":"red","options":[{"name":"Kamiseta","valid":"false","fileName":"kamiseta.png"},{"name":"Praka","valid":"false","fileName":"praka.png"},{"name":"Galtzerdi","valid":"false","fileName":"galtzerdi.png"},{"name":"Gona","valid":"false","fileName":"gona.png"},{"name":"Eskularruak","valid":"false","fileName":"eskularruak.png"}]}]},{"name":"Herria","fileName":"herria.png","element":[{"name":"Dendak","fileName":"dendak.png","minLevel":1,"mainColor":"red","options":[{"name":"Harategia","valid":"false","fileName":"harategia.png"},{"name":"Arrandegia","valid":"false","fileName":"arrandegia.png"},{"name":"Frutategia","valid":"false","fileName":"frutategia.png"},{"name":"Supermerkatua","valid":"false","fileName":"supermerkatua.png"},{"name":"Gozo-denda","valid":"false","fileName":"gozo-denda.png"}]},{"name":"Langileak","fileName":"langileak.png","minLevel":1,"mainColor":"red","options":[{"name":"Polizia","valid":"false","fileName":"polizia.png"},{"name":"Suhiltzaile","valid":"false","fileName":"suhiltzaile.png"},{"name":"Erizaina","valid":"false","fileName":"erizaina.png"},{"name":"Irakasle","valid":"false","fileName":"irakasle.png"},{"name":"Okina","valid":"false","fileName":"okina.png"}]},{"name":"Garraioa","fileName":"garraioa.png","minLevel":0,"mainColor":"red","options":[{"name":"Automobila","valid":"false","fileName":"automobila.png"},{"name":"Hegazkina","valid":"false","fileName":"hegazkina.png"},{"name":"Kamioia","valid":"false","fileName":"kamioia.png"},{"name":"Trena","valid":"false","fileName":"trena.png"},{"name":"Metroa","valid":"false","fileName":"metroa.png"}]}]}]