[{"name":"Janaria","fileName":"janaria.png","element":[{"name":"Barazkiak","fileName":"barazkiak.png","minLevel":1,"mainColor":"red","options":[{"name":"Piperra","fileName":"piperra.png"},{"name":"Kuiatxo","fileName":"kuiatxo.png"},{"name":"Leka","fileName":"leka.png"},{"name":"Azak","fileName":"azak.png"},{"name":"Tipula","fileName":"tipula.png"}]},{"name":"Egoskaleak","fileName":"egoskaleak.png","minLevel":2,"mainColor":"red","options":[{"name":"Babarrunak","fileName":"babarrunak-00.png"},{"name":"Txitxirioak","fileName":"txitxirioak.png"},{"name":"Dilistak","fileName":"dilistak.png"},{"name":"Ilarrak","fileName":"ilarrak.png"},{"name":"Leka","fileName":"leka-00.png"}]},{"name":"Fruituak","fileName":"fruituak.png","minLevel":0,"mainColor":"red","options":[{"name":"Tomate","fileName":"tomate.png"},{"name":"Laranja","fileName":"laranja.png"},{"name":"Limoia","fileName":"limoia.png"},{"name":"Sagarra","fileName":"sagarra.png"},{"name":"Banana","fileName":"banana.png"}]}]},{"name":"Herria","fileName":"herria.png","element":[{"name":"Dendak","fileName":"dendak.png","minLevel":1,"mainColor":"red","options":[{"name":"Harategia","fileName":"harategia.png"},{"name":"Arrandegia","fileName":"arrandegia.png"},{"name":"Frutategia","fileName":"frutategia.png"},{"name":"Supermerkatua","fileName":"supermerkatua.png"},{"name":"Gozo-denda","fileName":"gozo-denda.png"}]},{"name":"Langileak","fileName":"langileak.png","minLevel":1,"mainColor":"red","options":[{"name":"Polizia","fileName":"polizia.png"},{"name":"Suhiltzaile","fileName":"suhiltzaile.png"},{"name":"Erizaina","fileName":"erizaina.png"},{"name":"Irakasle","fileName":"irakasle.png"},{"name":"Okina","fileName":"okina.png"}]},{"name":"Garraioa","fileName":"garraioa.png","minLevel":0,"mainColor":"red","options":[{"name":"Automobila","fileName":"automobila.png"},{"name":"Hegazkina","fileName":"hegazkina.png"},{"name":"Kamioia","fileName":"kamioia.png"},{"name":"Trena ","fileName":"trena.png"},{"name":"Metroa","fileName":"metroa.png"}]}]},{"name":"Etxeko gauzak","fileName":"etxeko-gauzak.png","element":[{"name":"Sukalde","fileName":"sukalde.png","minLevel":1,"mainColor":"red","options":[{"name":"Sartagin","fileName":"sartagin.png"},{"name":"Koilara","fileName":"koilara.png"},{"name":"Sardexka","fileName":"sardexka.png"},{"name":"Kazola","fileName":"kazola.png"},{"name":"Ezpainzapi","fileName":"ezpainzapi.png"}]},{"name":"Egongela","fileName":"egongela.png","minLevel":0,"mainColor":"red","options":[{"name":"Sofa","fileName":"sofa.png"},{"name":"Telebista","fileName":"telebista.png"},{"name":"PItxerra","fileName":"pitxerra.png"},{"name":"Besaulki","fileName":"besaulki.png"},{"name":"Urrutiko-aginte","fileName":"urrutiko-aginte.png"}]}]}]